{
  "type": "minecraft:fishing",
  "pools": [
    {
      "rolls": 1,
      "entries": [
        {
          "type": "minecraft:loot_table",
          "weight": 40,
          "quality": -5,
          "name": "fisma:gameplay/fishing/junk"
        },
        {
          "type": "minecraft:loot_table",
          "weight": 5,
          "quality": 5,
          "name": "fisma:gameplay/fishing/treasure"
        },
        {
          "type": "minecraft:loot_table",
          "weight": 40,
          "quality": -5,
          "name": "fisma:gameplay/fishing/fish"
        }
      ]
    },
	{
      "rolls": 1,
      "bonus_rolls": 1,
      "entries": [
        {
          "type": "minecraft:empty",
          "weight": 2
        },
        {
          "type": "minecraft:loot_table",
          "weight": 1,
          "name": "fisma:gameplay/fisma_ex/hyper_combo"
        }
      ]
    }
  ]
}