{
    "parent": "item/generated",
    "textures": {
        "layer0": "item/tropical_fish"
    },
    "overrides": [
        {"predicate": {"custom_model_data": 613000},"model": "fisma:item/fish0"},
        {"predicate": {"custom_model_data": 613001},"model": "fisma:item/fish1"},
        {"predicate": {"custom_model_data": 613002},"model": "fisma:item/fish2"},
        {"predicate": {"custom_model_data": 613003},"model": "fisma:item/fish3"},
        {"predicate": {"custom_model_data": 613004},"model": "fisma:item/fish4"},
        {"predicate": {"custom_model_data": 613005},"model": "fisma:item/fish5"},
        {"predicate": {"custom_model_data": 613006},"model": "fisma:item/fish6"},
        {"predicate": {"custom_model_data": 613007},"model": "fisma:item/fish7"},
        {"predicate": {"custom_model_data": 613008},"model": "fisma:item/fish8"},
        {"predicate": {"custom_model_data": 613009},"model": "fisma:item/fish9"},
        {"predicate": {"custom_model_data": 613999},"model": "fisma:item/clover"}
    ]
}