{
  "type": "minecraft:block",
  "pools": [
    {
      "rolls": 1,
		"functions": [
						{
							"function": "set_nbt",
							"tag": "{fisma:1}",
							"conditions": [
								{
									"condition": "minecraft:match_tool",
									"predicate": {
										"tag": "minecraft:fences"
									}
								}
							]
						}
					],
      "entries": [
        {
          "type": "minecraft:item",
          "name": "minecraft:crafting_table"
        }
      ],
      "conditions": [
        {
          "condition": "minecraft:survives_explosion"
        }
      ]
    }
  ]
}