{
	"display": {
		"icon": {
			"item": "minecraft:tropical_fish",
			"nbt": "{CustomModelData:613999}"
		},
		"title":{
			"translate": "advancements.fi.luck.title",
			"color": "green"
		},
		"description": {
			"translate": "advancements.fi.luck.description"
		}
	},
	"parent": "fisma:fisma/getrod",
	"criteria": {
		"luckadv": {
			"trigger": "minecraft:fishing_rod_hooked",
			"conditions": {
				"rod": {
					"item": "minecraft:fishing_rod",
					"nbt":	"{fisma_t:4}"
				},
				"item": {
					"item": "minecraft:structure_void",
					"nbt":	"{fisma_run:1,fisma_t:\"luck\"}"
				}
			}
		}
	}
}