{
	"display": {
		"icon": {
			"item": "minecraft:pufferfish"
		},
		"title":{
			"translate": "item.minecraft.pufferfish"
		},
		"description": {
			"translate": "advancements.fi.pufferfish.description"
		},
		"hidden":"true"
	},
	"parent": "fisma:fisma/handbook",
	"criteria": {
		"pufferfish": {
			"trigger": "minecraft:inventory_changed",
			"conditions": {
					"items": [{
					"item": "minecraft:pufferfish"
				}]
			}
		},
		"pufferfishu": {
			"trigger": "minecraft:inventory_changed",
			"conditions": {
					"items": [{
					"item": "minecraft:pufferfish_bucket"
				}]
			}
		}
	},
	"requirements":[["pufferfish","pufferfishu"]]
	}
