{
	"display": {
		"icon": {
			"item": "minecraft:salmon"
		},
		"title":{
			"translate": "item.minecraft.salmon"
		},
		"description": {
			"translate": "advancements.fi.salmon.description"
		},
		"hidden":"true"
	},
	"parent": "fisma:fisma/handbook",
	"criteria": {
		"salmon": {
			"trigger": "minecraft:inventory_changed",
			"conditions": {
					"items": [{
					"item": "minecraft:salmon"
				}]
			}
		},
		"salmonu": {
			"trigger": "minecraft:inventory_changed",
			"conditions": {
					"items": [{
					"item": "minecraft:salmon_bucket"
				}]
			}
		}
	},
	"requirements":[["salmon","salmonu"]]
	}
