{
  "type": "minecraft:fishing",
  "pools": [
    {
      "rolls": 1,
      "entries": [
        {
          "type": "minecraft:loot_table",
          "weight": 10,
          "quality": -4,
          "name": "fisma:gameplay/fishing/junk"
        },
        {
          "type": "minecraft:loot_table",
          "weight": 5,
          "quality": 4,
          "name": "fisma:gameplay/fishing/treasure"
        },
        {
          "type": "minecraft:loot_table",
          "weight": 85,
          "quality": -5,
          "name": "fisma:gameplay/fishing/fish"
        }
      ]
    }
  ]
}