{
    "parent": "block/cube",
    "textures": {
        "particle": "fisma:block/crafting_table_front",
        "down": "fisma:block/crafting_table_bottom",
        "up": "fisma:block/crafting_table_top",
        "north": "fisma:block/crafting_table_front",
        "east": "fisma:block/crafting_table_side",
        "south": "fisma:block/crafting_table_front1",
        "west": "fisma:block/crafting_table_side1"
    },
	"display": {
		"head": {
			"rotation": [ 0, 0, 0 ],
			"translation": [ 0, -51, 0 ],
			"scale": [ 2.3, 2.3, 2.3 ]
		}
	}

}
