{
    "parent": "item/generated",
    "textures": {
        "layer0": "item/firework_star",
        "layer1": "item/firework_star_overlay"
    },
	"overrides": [
		{ "predicate": { "custom_model_data": 12970008 }, "model": "craftingpp:material/shard_of_the_darkness"},
		{ "predicate": { "custom_model_data": 12970009 }, "model": "craftingpp:material/broken_spawner"},
		
		{ "predicate": { "custom_model_data": 12970021 }, "model": "craftingpp:material/enchanted_iron"},
		{ "predicate": { "custom_model_data": 12970022 }, "model": "craftingpp:material/enchanted_gold"},
		{ "predicate": { "custom_model_data": 12970023 }, "model": "craftingpp:material/enchanted_diamond"},
		{ "predicate": { "custom_model_data": 12970025 }, "model": "craftingpp:material/fertilizer"},
		{ "predicate": { "custom_model_data": 12970026 }, "model": "craftingpp:material/silicon_plate"},
		{ "predicate": { "custom_model_data": 12970027 }, "model": "craftingpp:material/moon_shard"},
		{ "predicate": { "custom_model_data": 12970028 }, "model": "craftingpp:material/sun_shard"},
		{ "predicate": { "custom_model_data": 12970029 }, "model": "craftingpp:material/clay_bucket"},
		{ "predicate": { "custom_model_data": 12970030 }, "model": "craftingpp:material/reinforced_glass"},
		{ "predicate": { "custom_model_data": 12970031 }, "model": "craftingpp:material/rare_earth_glass"},
		
		{ "predicate": { "custom_model_data": 12970041 }, "model": "craftingpp:material/iron_dust"},
		{ "predicate": { "custom_model_data": 12970042 }, "model": "craftingpp:material/gold_dust"},
		{ "predicate": { "custom_model_data": 12970043 }, "model": "craftingpp:material/carbon_dust"},
		{ "predicate": { "custom_model_data": 12970044 }, "model": "craftingpp:material/emerald_dust"},
		{ "predicate": { "custom_model_data": 12970045 }, "model": "craftingpp:material/diamond_dust"},
		{ "predicate": { "custom_model_data": 12970046 }, "model": "craftingpp:material/quartz_dust"},
		{ "predicate": { "custom_model_data": 12970047 }, "model": "craftingpp:material/silicon_dust"},
		{ "predicate": { "custom_model_data": 12970048 }, "model": "craftingpp:material/rare_earth_dust"},
		{ "predicate": { "custom_model_data": 12970049 }, "model": "craftingpp:material/steel_dust"},
		{ "predicate": { "custom_model_data": 12970050 }, "model": "craftingpp:material/coarse_silicon"},
		{ "predicate": { "custom_model_data": 12970051 }, "model": "craftingpp:material/bottle_of_salt"},
		{ "predicate": { "custom_model_data": 12970052 }, "model": "craftingpp:material/rare_earth_salt"},
		{ "predicate": { "custom_model_data": 12970053 }, "model": "craftingpp:material/alkaloid_rare_earth"},
		{ "predicate": { "custom_model_data": 12970054 }, "model": "craftingpp:material/acid"},
		{ "predicate": { "custom_model_data": 12970055 }, "model": "craftingpp:material/soda_water"},
		{ "predicate": { "custom_model_data": 12970056 }, "model": "craftingpp:material/bionic_acid"},
		{ "predicate": { "custom_model_data": 12970057 }, "model": "craftingpp:material/alkaloid"},
		{ "predicate": { "custom_model_data": 12970058 }, "model": "craftingpp:material/bottle_of_air"},
		{ "predicate": { "custom_model_data": 12970059 }, "model": "craftingpp:material/ammonia_refrigerant"},
		{ "predicate": { "custom_model_data": 12970060 }, "model": "craftingpp:material/coal_nugget"},
		{ "predicate": { "custom_model_data": 12970061 }, "model": "craftingpp:material/splint"},
		
		{ "predicate": { "custom_model_data": 12970070 }, "model": "craftingpp:tool/elder_s_words"},
		{ "predicate": { "custom_model_data": 12970071 }, "model": "craftingpp:tool/roost0"},
		{ "predicate": { "custom_model_data": 12970072 }, "model": "craftingpp:machine/block_breaker"},
		
		{ "predicate": { "custom_model_data": 12970101 }, "model": "craftingpp:plugin/empty_plugin"},
		{ "predicate": { "custom_model_data": 12970102 }, "model": "craftingpp:plugin/low_pressure_plugin"},
		{ "predicate": { "custom_model_data": 12970103 }, "model": "craftingpp:plugin/high_pressure_plugin"},
		{ "predicate": { "custom_model_data": 12970104 }, "model": "craftingpp:plugin/low_temperature_plugin"},
		{ "predicate": { "custom_model_data": 12970105 }, "model": "craftingpp:plugin/high_temperature_plugin"},
		{ "predicate": { "custom_model_data": 12970106 }, "model": "craftingpp:plugin/cobblestone_plugin"},
		{ "predicate": { "custom_model_data": 12970107 }, "model": "craftingpp:plugin/stone_plugin"},
		{ "predicate": { "custom_model_data": 12970108 }, "model": "craftingpp:plugin/obsidian_plugin"},
		
		{ "predicate": { "custom_model_data": 12970121 }, "model": "craftingpp:golem/industrious_hand"},
		{ "predicate": { "custom_model_data": 12970122 }, "model": "craftingpp:golem/break_hand"},
		{ "predicate": { "custom_model_data": 12970123 }, "model": "craftingpp:golem/smart_hand"},
		{ "predicate": { "custom_model_data": 12970124 }, "model": "craftingpp:golem/angry_hand"},
		{ "predicate": { "custom_model_data": 12970125 }, "model": "craftingpp:golem/toughen_hand"},
		
		{ "predicate": { "custom_model_data": 12971000 }, "model": "craftingpp:empty"},
		{ "predicate": { "custom_model_data": 12971001 }, "model": "craftingpp:decor/lip"},
			
		{ "predicate": { "custom_model_data": 12971010 }, "model": "craftingpp:machine/crafting_machine_gui"},
		{ "predicate": { "custom_model_data": 12971011 }, "model": "craftingpp:machine/all_in_one_machine_gui"},
		{ "predicate": { "custom_model_data": 12971012 }, "model": "craftingpp:machine/trade_machine_gui"},
		{ "predicate": { "custom_model_data": 12971013 }, "model": "craftingpp:machine/mob_projector_gui"},
		{ "predicate": { "custom_model_data": 12971014 }, "model": "craftingpp:machine/golden_anvil_gui"},
		{ "predicate": { "custom_model_data": 12971015 }, "model": "craftingpp:machine/beacon_enhancer_gui"},
		{ "predicate": { "custom_model_data": 12971016 }, "model": "craftingpp:machine/bookshelf_gui"},
		{ "predicate": { "custom_model_data": 12971017 }, "model": "craftingpp:machine/beacon_enhancer_gui2"},
		{ "predicate": { "custom_model_data": 12971019 }, "model": "craftingpp:machine/mob_projector_gui2"},

		{ "predicate": { "custom_model_data": 12971020 }, "model": "craftingpp:machine/process_shower0"},
		{ "predicate": { "custom_model_data": 12971021 }, "model": "craftingpp:machine/process_shower1"},
		{ "predicate": { "custom_model_data": 12971022 }, "model": "craftingpp:machine/process_shower2"},
		{ "predicate": { "custom_model_data": 12971023 }, "model": "craftingpp:machine/process_shower3"},
		{ "predicate": { "custom_model_data": 12971025 }, "model": "craftingpp:machine/process_shower4"},
		{ "predicate": { "custom_model_data": 12971026 }, "model": "craftingpp:machine/process_shower5"},
		{ "predicate": { "custom_model_data": 12971027 }, "model": "craftingpp:machine/process_shower6"},
		{ "predicate": { "custom_model_data": 12971028 }, "model": "craftingpp:machine/process_shower7"},
		{ "predicate": { "custom_model_data": 12971029 }, "model": "craftingpp:machine/process_shower8"},
		
		{ "predicate": { "custom_model_data": 12971030 }, "model": "craftingpp:machine/compress_craft_machine_gui"},
		
		{ "predicate": { "custom_model_data": 12971041 }, "model": "craftingpp:machine/output_east"},
		{ "predicate": { "custom_model_data": 12971042 }, "model": "craftingpp:machine/output_south"},
		{ "predicate": { "custom_model_data": 12971043 }, "model": "craftingpp:machine/output_west"},		
		{ "predicate": { "custom_model_data": 12971044 }, "model": "craftingpp:machine/output_north"},
		{ "predicate": { "custom_model_data": 12971045 }, "model": "craftingpp:machine/output_down"},
		{ "predicate": { "custom_model_data": 12971046 }, "model": "craftingpp:machine/output_up"},
		
		{ "predicate": { "custom_model_data": 12971051 }, "model": "craftingpp:machine/low_pressure"},
		{ "predicate": { "custom_model_data": 12971052 }, "model": "craftingpp:machine/normal_pressure"},
		{ "predicate": { "custom_model_data": 12971053 }, "model": "craftingpp:machine/high_pressure"},
		{ "predicate": { "custom_model_data": 12971054 }, "model": "craftingpp:machine/low_temperature"},
		{ "predicate": { "custom_model_data": 12971055 }, "model": "craftingpp:machine/normal_temperature"},
		{ "predicate": { "custom_model_data": 12971056 }, "model": "craftingpp:machine/high_temperature"},
		
		{ "predicate": { "custom_model_data": 12971061 }, "model": "craftingpp:machine/effects/fire_resistance"},
		{ "predicate": { "custom_model_data": 12971062 }, "model": "craftingpp:machine/effects/water_breathing"},
		{ "predicate": { "custom_model_data": 12971063 }, "model": "craftingpp:machine/effects/night_vision"},
		{ "predicate": { "custom_model_data": 12971064 }, "model": "craftingpp:machine/effects/invisibility"},
		{ "predicate": { "custom_model_data": 12971065 }, "model": "craftingpp:machine/effects/saturation"},
		{ "predicate": { "custom_model_data": 12971066 }, "model": "craftingpp:machine/effects/slowness"},
		{ "predicate": { "custom_model_data": 12971067 }, "model": "craftingpp:machine/effects/weakness"},
		{ "predicate": { "custom_model_data": 12971068 }, "model": "craftingpp:machine/effects/glowing"},
		{ "predicate": { "custom_model_data": 12971069 }, "model": "craftingpp:machine/effects/poison"},
		{ "predicate": { "custom_model_data": 12971070 }, "model": "craftingpp:machine/effects/wither"},
		
		{ "predicate": { "custom_model_data": 12971101 }, "model": "craftingpp:machine/mob_projector/sheep"},
		{ "predicate": { "custom_model_data": 12971102 }, "model": "craftingpp:machine/mob_projector/cow"},
		{ "predicate": { "custom_model_data": 12971103 }, "model": "craftingpp:machine/mob_projector/pig"},
		{ "predicate": { "custom_model_data": 12971104 }, "model": "craftingpp:machine/mob_projector/chicken"},
		{ "predicate": { "custom_model_data": 12971105 }, "model": "craftingpp:machine/mob_projector/rabbit"},
		{ "predicate": { "custom_model_data": 12971106 }, "model": "craftingpp:machine/mob_projector/bat"},
		{ "predicate": { "custom_model_data": 12971107 }, "model": "craftingpp:machine/mob_projector/squid"},
		{ "predicate": { "custom_model_data": 12971108 }, "model": "craftingpp:machine/mob_projector/creeper"},
		{ "predicate": { "custom_model_data": 12971109 }, "model": "craftingpp:machine/mob_projector/zombie"},
		{ "predicate": { "custom_model_data": 12971110 }, "model": "craftingpp:machine/mob_projector/skeleton"},
		{ "predicate": { "custom_model_data": 12971111 }, "model": "craftingpp:machine/mob_projector/spider"},
		{ "predicate": { "custom_model_data": 12971112 }, "model": "craftingpp:machine/mob_projector/silverfish"},
		{ "predicate": { "custom_model_data": 12971121 }, "model": "craftingpp:machine/mob_projector/witch"},
		{ "predicate": { "custom_model_data": 12971122 }, "model": "craftingpp:machine/mob_projector/slime"},
		{ "predicate": { "custom_model_data": 12971123 }, "model": "craftingpp:machine/mob_projector/phantom"},
		{ "predicate": { "custom_model_data": 12971124 }, "model": "craftingpp:machine/mob_projector/polar_bear"},
		{ "predicate": { "custom_model_data": 12971125 }, "model": "craftingpp:machine/mob_projector/zombie_pigman"},
		{ "predicate": { "custom_model_data": 12971126 }, "model": "craftingpp:machine/mob_projector/ghast"},
		{ "predicate": { "custom_model_data": 12971127 }, "model": "craftingpp:machine/mob_projector/magma_cube"},
		{ "predicate": { "custom_model_data": 12971128 }, "model": "craftingpp:machine/mob_projector/blaze"},
		{ "predicate": { "custom_model_data": 12971129 }, "model": "craftingpp:machine/mob_projector/enderman"},
		{ "predicate": { "custom_model_data": 12971130 }, "model": "craftingpp:machine/mob_projector/endermite"},
		{ "predicate": { "custom_model_data": 12971131 }, "model": "craftingpp:machine/mob_projector/villager"},
		{ "predicate": { "custom_model_data": 12971141 }, "model": "craftingpp:machine/mob_projector/vindicator"},
		{ "predicate": { "custom_model_data": 12971142 }, "model": "craftingpp:machine/mob_projector/evoker"},
		{ "predicate": { "custom_model_data": 12971143 }, "model": "craftingpp:machine/mob_projector/guardian"},
		{ "predicate": { "custom_model_data": 12971144 }, "model": "craftingpp:machine/mob_projector/shulker"},
		{ "predicate": { "custom_model_data": 12971145 }, "model": "craftingpp:machine/mob_projector/wither_skeleton"},
		{ "predicate": { "custom_model_data": 12971146 }, "model": "craftingpp:machine/mob_projector/wolf"},
		{ "predicate": { "custom_model_data": 12971147 }, "model": "craftingpp:machine/mob_projector/cat"},
		{ "predicate": { "custom_model_data": 12971148 }, "model": "craftingpp:machine/mob_projector/horse"},
		{ "predicate": { "custom_model_data": 12971149 }, "model": "craftingpp:machine/mob_projector/donkey"},
		{ "predicate": { "custom_model_data": 12971150 }, "model": "craftingpp:machine/mob_projector/llama"},
		{ "predicate": { "custom_model_data": 12971151 }, "model": "craftingpp:machine/mob_projector/parrot"},
		{ "predicate": { "custom_model_data": 12971152 }, "model": "craftingpp:machine/mob_projector/turtle"},
		{ "predicate": { "custom_model_data": 12971153 }, "model": "craftingpp:machine/mob_projector/fox"},
		
		{ "predicate": { "custom_model_data": 12972000 }, "model": "craftingpp:machine/xp_shower/xp_shower0"},
		{ "predicate": { "custom_model_data": 12972001 }, "model": "craftingpp:machine/xp_shower/xp_shower1"},
		{ "predicate": { "custom_model_data": 12972002 }, "model": "craftingpp:machine/xp_shower/xp_shower2"},
		{ "predicate": { "custom_model_data": 12972003 }, "model": "craftingpp:machine/xp_shower/xp_shower3"},
		{ "predicate": { "custom_model_data": 12972004 }, "model": "craftingpp:machine/xp_shower/xp_shower4"},
		{ "predicate": { "custom_model_data": 12972005 }, "model": "craftingpp:machine/xp_shower/xp_shower5"},
		{ "predicate": { "custom_model_data": 12972006 }, "model": "craftingpp:machine/xp_shower/xp_shower6"},
		{ "predicate": { "custom_model_data": 12972007 }, "model": "craftingpp:machine/xp_shower/xp_shower7"},
		{ "predicate": { "custom_model_data": 12972008 }, "model": "craftingpp:machine/xp_shower/xp_shower8"},
		{ "predicate": { "custom_model_data": 12972009 }, "model": "craftingpp:machine/xp_shower/xp_shower9"},
		{ "predicate": { "custom_model_data": 12972010 }, "model": "craftingpp:machine/xp_shower/xp_shower10"},
		{ "predicate": { "custom_model_data": 12972011 }, "model": "craftingpp:machine/xp_shower/xp_shower11"},
		{ "predicate": { "custom_model_data": 12972012 }, "model": "craftingpp:machine/xp_shower/xp_shower12"},
		{ "predicate": { "custom_model_data": 12972013 }, "model": "craftingpp:machine/xp_shower/xp_shower13"},
		{ "predicate": { "custom_model_data": 12972014 }, "model": "craftingpp:machine/xp_shower/xp_shower14"},
		{ "predicate": { "custom_model_data": 12972015 }, "model": "craftingpp:machine/xp_shower/xp_shower15"},
		{ "predicate": { "custom_model_data": 12972016 }, "model": "craftingpp:machine/xp_shower/xp_shower16"},
		{ "predicate": { "custom_model_data": 12972017 }, "model": "craftingpp:machine/xp_shower/xp_shower17"},
		{ "predicate": { "custom_model_data": 12972018 }, "model": "craftingpp:machine/xp_shower/xp_shower18"},
		{ "predicate": { "custom_model_data": 12972019 }, "model": "craftingpp:machine/xp_shower/xp_shower19"},
		{ "predicate": { "custom_model_data": 12972020 }, "model": "craftingpp:machine/xp_shower/xp_shower20"},
		{ "predicate": { "custom_model_data": 12972021 }, "model": "craftingpp:machine/xp_shower/xp_shower21"},
		{ "predicate": { "custom_model_data": 12972022 }, "model": "craftingpp:machine/xp_shower/xp_shower22"},
		{ "predicate": { "custom_model_data": 12972023 }, "model": "craftingpp:machine/xp_shower/xp_shower23"},
		{ "predicate": { "custom_model_data": 12972024 }, "model": "craftingpp:machine/xp_shower/xp_shower24"},
		{ "predicate": { "custom_model_data": 12972025 }, "model": "craftingpp:machine/xp_shower/xp_shower25"},
		{ "predicate": { "custom_model_data": 12972026 }, "model": "craftingpp:machine/xp_shower/xp_shower26"},
		{ "predicate": { "custom_model_data": 12972027 }, "model": "craftingpp:machine/xp_shower/xp_shower27"},
		{ "predicate": { "custom_model_data": 12972028 }, "model": "craftingpp:machine/xp_shower/xp_shower28"},
		{ "predicate": { "custom_model_data": 12972029 }, "model": "craftingpp:machine/xp_shower/xp_shower29"},
		{ "predicate": { "custom_model_data": 12972030 }, "model": "craftingpp:machine/xp_shower/xp_shower30"},
		{ "predicate": { "custom_model_data": 12972031 }, "model": "craftingpp:machine/xp_shower/xp_shower31"},
		{ "predicate": { "custom_model_data": 12972032 }, "model": "craftingpp:machine/xp_shower/xp_shower32"},
		{ "predicate": { "custom_model_data": 12972033 }, "model": "craftingpp:machine/xp_shower/xp_shower33"},
		{ "predicate": { "custom_model_data": 12972034 }, "model": "craftingpp:machine/xp_shower/xp_shower34"},
		{ "predicate": { "custom_model_data": 12972035 }, "model": "craftingpp:machine/xp_shower/xp_shower35"},
		{ "predicate": { "custom_model_data": 12972036 }, "model": "craftingpp:machine/xp_shower/xp_shower36"},
		{ "predicate": { "custom_model_data": 12972037 }, "model": "craftingpp:machine/xp_shower/xp_shower37"},
		{ "predicate": { "custom_model_data": 12972038 }, "model": "craftingpp:machine/xp_shower/xp_shower38"},
		{ "predicate": { "custom_model_data": 12972039 }, "model": "craftingpp:machine/xp_shower/xp_shower39"},
		{ "predicate": { "custom_model_data": 12972040 }, "model": "craftingpp:machine/xp_shower/xp_shower40"},
		{ "predicate": { "custom_model_data": 12972041 }, "model": "craftingpp:machine/xp_shower/xp_shower41"},
		{ "predicate": { "custom_model_data": 12972042 }, "model": "craftingpp:machine/xp_shower/xp_shower42"},
		{ "predicate": { "custom_model_data": 12972043 }, "model": "craftingpp:machine/xp_shower/xp_shower43"},
		{ "predicate": { "custom_model_data": 12972044 }, "model": "craftingpp:machine/xp_shower/xp_shower44"},
		{ "predicate": { "custom_model_data": 12972045 }, "model": "craftingpp:machine/xp_shower/xp_shower45"},
		{ "predicate": { "custom_model_data": 12972046 }, "model": "craftingpp:machine/xp_shower/xp_shower46"},
		{ "predicate": { "custom_model_data": 12972047 }, "model": "craftingpp:machine/xp_shower/xp_shower47"},
		{ "predicate": { "custom_model_data": 12972048 }, "model": "craftingpp:machine/xp_shower/xp_shower48"},

		{ "predicate": { "custom_model_data": 12974001 }, "model": "craftingpp:painting/01"},
		{ "predicate": { "custom_model_data": 12974002 }, "model": "craftingpp:painting/02"},
		{ "predicate": { "custom_model_data": 12974003 }, "model": "craftingpp:painting/03"},
		{ "predicate": { "custom_model_data": 12974004 }, "model": "craftingpp:painting/04"},
		{ "predicate": { "custom_model_data": 12974005 }, "model": "craftingpp:painting/05"},
		{ "predicate": { "custom_model_data": 12974006 }, "model": "craftingpp:painting/06"},
		{ "predicate": { "custom_model_data": 12974007 }, "model": "craftingpp:painting/07"},
		{ "predicate": { "custom_model_data": 12974008 }, "model": "craftingpp:painting/08"},
		{ "predicate": { "custom_model_data": 12974009 }, "model": "craftingpp:painting/09"},
		{ "predicate": { "custom_model_data": 12974010 }, "model": "craftingpp:painting/10"},
		{ "predicate": { "custom_model_data": 12974011 }, "model": "craftingpp:painting/11"},
		{ "predicate": { "custom_model_data": 12974012 }, "model": "craftingpp:painting/12"},
		{ "predicate": { "custom_model_data": 12974013 }, "model": "craftingpp:painting/13"},
		{ "predicate": { "custom_model_data": 12974014 }, "model": "craftingpp:painting/14"},
		{ "predicate": { "custom_model_data": 12974015 }, "model": "craftingpp:painting/15"},
		{ "predicate": { "custom_model_data": 12974016 }, "model": "craftingpp:painting/16"},
		{ "predicate": { "custom_model_data": 12974017 }, "model": "craftingpp:painting/17"},
		{ "predicate": { "custom_model_data": 12974018 }, "model": "craftingpp:painting/18"},
		{ "predicate": { "custom_model_data": 12974019 }, "model": "craftingpp:painting/19"},
		{ "predicate": { "custom_model_data": 12974020 }, "model": "craftingpp:painting/20"},
		{ "predicate": { "custom_model_data": 12974021 }, "model": "craftingpp:painting/21"},
		{ "predicate": { "custom_model_data": 12974022 }, "model": "craftingpp:painting/22"},
		{ "predicate": { "custom_model_data": 12974023 }, "model": "craftingpp:painting/23"},
		{ "predicate": { "custom_model_data": 12974024 }, "model": "craftingpp:painting/24"},
		{ "predicate": { "custom_model_data": 12974025 }, "model": "craftingpp:painting/25"},
		{ "predicate": { "custom_model_data": 12974026 }, "model": "craftingpp:painting/26"},
		{ "predicate": { "custom_model_data": 12974027 }, "model": "craftingpp:painting/27"},
		{ "predicate": { "custom_model_data": 12974028 }, "model": "craftingpp:painting/28"},
		{ "predicate": { "custom_model_data": 12974029 }, "model": "craftingpp:painting/29"},
		{ "predicate": { "custom_model_data": 12974030 }, "model": "craftingpp:painting/30"},
		{ "predicate": { "custom_model_data": 12974031 }, "model": "craftingpp:painting/31"},
		{ "predicate": { "custom_model_data": 12974032 }, "model": "craftingpp:painting/32"},
		{ "predicate": { "custom_model_data": 12974033 }, "model": "craftingpp:painting/33"},
		
		{ "predicate": { "custom_model_data": 12974101 }, "model": "craftingpp:image/spring_couplets1"},
		{ "predicate": { "custom_model_data": 12974102 }, "model": "craftingpp:image/spring_couplets2"},
		{ "predicate": { "custom_model_data": 12974103 }, "model": "craftingpp:image/spring_couplets3"},
		{ "predicate": { "custom_model_data": 12974104 }, "model": "craftingpp:image/spring_couplets4"},
		{ "predicate": { "custom_model_data": 12974105 }, "model": "craftingpp:image/spring_couplets5"},
		{ "predicate": { "custom_model_data": 12974106 }, "model": "craftingpp:image/spring_couplets6"},
		{ "predicate": { "custom_model_data": 12974107 }, "model": "craftingpp:image/spring_couplets7"},
		{ "predicate": { "custom_model_data": 12974108 }, "model": "craftingpp:image/spring_couplets8"},
		{ "predicate": { "custom_model_data": 12974109 }, "model": "craftingpp:image/spring_couplets9"},
		{ "predicate": { "custom_model_data": 12974110 }, "model": "craftingpp:image/spring_couplets10"},
		{ "predicate": { "custom_model_data": 12974111 }, "model": "craftingpp:image/spring_couplets11"},
		{ "predicate": { "custom_model_data": 12974112 }, "model": "craftingpp:image/spring_couplets12"},
		{ "predicate": { "custom_model_data": 12974113 }, "model": "craftingpp:image/spring_couplets13"},
		{ "predicate": { "custom_model_data": 12974114 }, "model": "craftingpp:image/spring_couplets14"},
		{ "predicate": { "custom_model_data": 12974115 }, "model": "craftingpp:image/spring_couplets15"},
		{ "predicate": { "custom_model_data": 12974116 }, "model": "craftingpp:image/spring_couplets16"},		
		{ "predicate": { "custom_model_data": 12974201 }, "model": "craftingpp:image/scroll1"},
		{ "predicate": { "custom_model_data": 12974202 }, "model": "craftingpp:image/scroll2"},
		{ "predicate": { "custom_model_data": 12974203 }, "model": "craftingpp:image/scroll3"},
		{ "predicate": { "custom_model_data": 12974204 }, "model": "craftingpp:image/scroll4"},
		{ "predicate": { "custom_model_data": 12974205 }, "model": "craftingpp:image/scroll5"},
		{ "predicate": { "custom_model_data": 12974206 }, "model": "craftingpp:image/scroll6"},
		{ "predicate": { "custom_model_data": 12974207 }, "model": "craftingpp:image/scroll7"},
		{ "predicate": { "custom_model_data": 12974208 }, "model": "craftingpp:image/scroll8"},		
		{ "predicate": { "custom_model_data": 12974301 }, "model": "craftingpp:image/spring"},
		{ "predicate": { "custom_model_data": 12974302 }, "model": "craftingpp:image/happiness"},
		{ "predicate": { "custom_model_data": 12974303 }, "model": "craftingpp:image/harvest"},
		{ "predicate": { "custom_model_data": 12974304 }, "model": "craftingpp:image/prosperous"}
	]
}
