{
	"type": "minecraft:fishing",
	"pools": [{
		"rolls": 1.0,
		"entries": [{
			"type": "minecraft:item",
			"weight": 10,
			"name": "minecraft:name_tag"
		},
		{
			"type": "minecraft:item",
			"weight": 10,
			"name": "minecraft:saddle"
		},
		{
			"type": "minecraft:item",
			"weight": 10,
			"functions": [{
				"function": "minecraft:set_damage",
				"damage": {
					"min": 0.0,
					"max": 0.25
				}
			},
			{
				"function": "minecraft:enchant_with_levels",
				"levels": 30,
				"treasure": true
			}],
			"name": "minecraft:bow"
		},
		{
			"type": "minecraft:item",
			"weight": 10,
			"functions": [{
				"function": "minecraft:set_damage",
				"damage": {
					"min": 0.0,
					"max": 0.25
				}
			},
			{
				"function": "minecraft:enchant_with_levels",
				"levels": 30,
				"treasure": true
			},
			{
				"function": "minecraft:set_nbt",
				"tag": "{fisma:1,fisma_t:0}"
			}],
			"name": "minecraft:fishing_rod"
		},
		{
			"type": "minecraft:item",
			"weight": 10,
			"functions": [{
				"function": "minecraft:enchant_with_levels",
				"levels": 30,
				"treasure": true
			}],
			"name": "minecraft:book"
		},
		{
			"type": "minecraft:item",
			"weight": 10,
			"name": "minecraft:nautilus_shell"
		},
		{
				"type": "minecraft:item",
				"conditions": [{
					"condition": "minecraft:match_tool",
					"predicate": {
						"nbt": "{fisma:1}"
					}
				}],
				"functions": [{
					"function": "minecraft:set_damage",
					"damage": {
						"min": 0.0,
						"max": 0.1
					}
				},
				{
					"function": "minecraft:set_nbt",
					"tag": "{Enchantments:[{lvl:1s,id:\"minecraft:vanishing_curse\"}],RepairCost:390,HideFlags:63,fisma:1,fisma_t:99}"
				}],
				"weight": 1,
				"name": "minecraft:fishing_rod"
			},
			{
			"weight": 9,
			"type": "minecraft:loot_table",
			"name": "fi:luck_clover"
		}
		]
	}]
}